Symbol,Name,Holding Percent
STRC,Strategy Inc VR PRF PERPETUAL USD 100 - Ser A,0.0343503
BAPA,Boeing Co 6% PRF CONVERT 15/10/2027 USD 50 - Dep Rep 1/20th Sr A,0.0335738
SMCIP,Super Micro Computer Inc PRF PERPETUAL USD - 1/20th Int Ser A,0.0254444
HPEPC,Hewlett Packard Enterprise Co 7.625% PRF CONVERT 01/09/2027 USD 50 - Ser C,0.024218298
GOOGM,Alphabet Inc PRF PERPETUAL USD 1000 - 1/20th Int Ser A,0.023866301
GOOGN,Alphabet Inc PRF PERPETUAL USD 1000 - 1/20th Int Ser B,0.0231461
WFCPL,Wells Fargo & Co 7 1/2 % Non Cum Perp Conv Pfd Shs -A- Series -L-,0.0212109
BACPL,Bank of America Corp 7 1/4 % Non-Cum Perp Conv Pfd Shs Series -L-,0.0145002995
XTSLA,BlackRock Cash Funds Treasury SL Agency,0.0129663
