,VOO,SCHD,VIG,JEPI,JEPQ,GPIX,QQQM,VEA,IEMG,VYMI,SGOV,VGSH,VGIT,VGLT,VCIT,USHY,SCHP,GLDM,PDBC,SCHH,IGF,DBMF,JAAA,JBBB,PFF
2024-08,0.03666,0.02169,0.00828,0.07295,0.0,0.0,0.0138,0.0,0.00396,0.0,0.09416,0.09979,0.10653,0.07503,0.04988,0.06402,0.04765,0.0821,0.0,0.0,0.02522,0.0246,0.09024,0.0782,0.00524
2024-09,0.08181,0.0552,0.04512,0.10828,0.0,0.0,0.01393,0.0,0.00411,0.0,0.07455,0.07645,0.08682,0.05426,0.04987,0.06399,0.04761,0.00406,0.0,0.0,0.02582,0.0,0.08924,0.0775,0.04137
2024-10,0.08177,0.0558,0.01685,0.10847,0.0,0.09174,0.01394,0.0,0.00402,0.0,0.07553,0.0767,0.08552,0.02566,0.04907,0.03851,0.01991,0.00428,0.0,0.0,0.02572,0.0,0.09057,0.07946,0.05648
2024-11,0.08458,0.0759,0.04724,0.1281,0.01472,0.12256,0.01434,0.0,0.00383,0.0,0.07407,0.07514,0.03137,0.0,0.02174,0.06159,0.0,0.00405,0.0,0.0,0.02604,0.0,0.08901,0.09114,0.03459
2024-12,0.08412,0.0432,0.04623,0.08249,0.03343,0.13062,0.01467,0.0,0.00383,0.0,0.07573,0.07671,0.03159,0.0,0.02179,0.06223,0.0,0.00407,0.0,0.0,0.0,0.07056,0.09118,0.09359,0.03397
2025-01,0.08507,0.02388,0.04701,0.08326,0.05747,0.14758,0.01476,0.0,0.00383,0.0,0.07483,0.07584,0.03128,0.0,0.0216,0.06211,0.0,0.00427,0.0,0.0,0.0,0.07031,0.09037,0.10655,0.0
2025-02,0.08406,0.02451,0.02905,0.10756,0.01661,0.14644,0.01438,0.0,0.00386,0.0,0.07514,0.07645,0.0319,0.0,0.02203,0.06278,0.02487,0.03592,0.0,0.0,0.0,0.04721,0.09057,0.10665,0.0
2025-03,0.02313,0.02466,0.0,0.03133,0.0,0.10817,0.01352,0.0141,0.00397,0.0,0.07673,0.07814,0.07524,0.05716,0.02242,0.04342,0.04605,0.14051,0.0,0.0,0.0,0.08234,0.09222,0.06688,0.0
2025-04,0.0,0.0,0.0,0.0,0.0,0.10659,0.01363,0.04426,0.00396,0.0,0.05774,0.07833,0.08929,0.09083,0.04498,0.04316,0.06222,0.14727,0.0,0.0,0.0,0.08184,0.06981,0.06608,0.0
2025-05,0.0,0.0,0.0,0.0,0.0,0.14711,0.01476,0.04614,0.00411,0.0,0.05746,0.07749,0.08781,0.05524,0.04474,0.04355,0.06124,0.11193,0.0,0.0,0.0,0.11183,0.06986,0.06673,0.0
2025-06,0.0,0.0,0.0,0.01961,0.02063,0.15206,0.0,0.04685,0.06062,0.07441,0.05662,0.06032,0.06388,0.01429,0.04477,0.07123,0.02727,0.02129,0.0,0.0,0.04133,0.07306,0.06891,0.06547,0.01738
2025-07,0.0,0.0,0.0,0.01954,0.06829,0.14371,0.0,0.00603,0.09121,0.05469,0.0566,0.06003,0.04612,0.0141,0.04462,0.07111,0.02718,0.0,0.0,0.0,0.04107,0.07242,0.06898,0.06599,0.04832
2025-08,0.0,0.0,0.0,0.01957,0.06842,0.14413,0.0,0.00619,0.09233,0.05656,0.05588,0.05957,0.04606,0.01391,0.04447,0.04231,0.02716,0.02404,0.0,0.0,0.04127,0.07661,0.06818,0.06524,0.0481
2025-09,0.0,0.0,0.0,0.01921,0.09577,0.14479,0.0,0.03209,0.05737,0.02471,0.05473,0.03931,0.04508,0.014,0.04394,0.04171,0.02663,0.08756,0.0,0.0,0.00318,0.09202,0.0668,0.06367,0.04744
2025-10,0.0,0.0,0.0,0.01893,0.15247,0.14551,0.0,0.03209,0.05839,0.05178,0.05398,0.03876,0.04455,0.01394,0.06961,0.04101,0.02626,0.0,0.0,0.0,0.00312,0.09395,0.06589,0.063,0.02678
2025-11,0.0,0.0,0.0,0.05451,0.10858,0.09313,0.0,0.03219,0.05702,0.0964,0.05379,0.03868,0.0446,0.0139,0.06984,0.04103,0.04298,0.0,0.0,0.0,0.0032,0.09511,0.06574,0.06277,0.02653
2025-12,0.0,0.0,0.0,0.05416,0.0742,0.09276,0.0,0.08485,0.02339,0.11565,0.05351,0.03847,0.04411,0.01349,0.06913,0.04088,0.04237,0.0,0.0,0.0,0.00314,0.09533,0.06555,0.06249,0.02652
2026-01,0.0,0.03893,0.0,0.0541,0.07408,0.05982,0.0,0.08779,0.02465,0.11936,0.0524,0.03764,0.04305,0.01316,0.06086,0.04018,0.0416,0.0,0.0,0.0,0.00321,0.09682,0.06434,0.06151,0.0265
2026-02,0.0,0.02373,0.0,0.07192,0.07105,0.05813,0.0,0.09076,0.02541,0.07293,0.05119,0.03687,0.04266,0.01336,0.06007,0.03911,0.04101,0.0,0.0,0.0,0.05299,0.1017,0.06257,0.05882,0.02573
2026-03,0.0,0.02391,0.0,0.07083,0.10039,0.05748,0.0,0.0562,0.0,0.02212,0.0531,0.07114,0.04339,0.01327,0.06091,0.04007,0.04188,0.0,0.03954,0.0,0.05293,0.10118,0.06496,0.06099,0.02572
2026-04,0.01544,0.09448,0.0,0.07033,0.10502,0.10909,0.0248,0.04115,0.01641,0.02252,0.05167,0.05088,0.04205,0.01278,0.00467,0.03953,0.0,0.0,0.06006,0.0,0.05252,0.09948,0.0461,0.04101,0.0
2026-05,0.01604,0.09448,0.0,0.04492,0.14482,0.1124,0.08349,0.00451,0.01722,0.02247,0.06923,0.05025,0.04148,0.01268,0.00463,0.03916,0.0,0.0,0.05635,0.0,0.0,0.09958,0.04568,0.04062,0.0
2026-06,0.01597,0.10658,0.01798,0.04582,0.14765,0.11266,0.08373,0.00453,0.0,0.02246,0.06979,0.05054,0.04175,0.01287,0.02673,0.03942,0.01511,0.0,0.0,0.0,0.0,0.09933,0.04605,0.04105,0.0
2026-07,0.06031,0.11279,0.01822,0.04704,0.10873,0.13484,0.03908,0.0045,0.0,0.05686,0.0702,0.05073,0.04154,0.01239,0.0,0.03948,0.01504,0.0,0.0,0.0,0.0,0.10059,0.04636,0.0413,0.0
