name,op,limit,raw,final,status,binding,dual,note,at_cap
"Income (soft target, 12M avg)",target,0.07,0.054058516160763084,0.053709049114840535,Soft / Non-binding (12M 평균 미달 1.46%p),False,,벌점 = λ_income × 부족분² = 50 × 0.0146² = 0.01067,[]
Covered Call cap,≤,0.3,0.2999999998758728,0.28689956393819627,Binding,True,0.030084367962468904,,[]
Credit cap (VCIT·USHY·JBBB·PFF),≤,0.25,0.07834407754192647,0.07705255589945607,Non-binding,False,1.8034480554031163e-11,,[]
CLO AAA cap (JAAA),≤,0.15,0.04869895478333067,0.04467156066116373,Non-binding,False,2.7838791278689803e-11,,[]
Single ETF cap,≤,0.15,0.14999999755107954,0.13731399721509935,Binding,True,0.0022639485306367732,,['JEPQ']
DBMF (Alternative) cap,≤,0.1,0.09999999991152364,0.10088746382593441,Binding,True,0.04043506213037822,최종 비중은 밴드 유지분 때문에 한도와 소폭 다름,[]
Pure Equity cap,≤,0.45,0.10000000012076737,0.1036236762991614,Non-binding,False,8.857036747642455e-12,,[]
Dividend cap,≤,0.35,0.1797872164989261,0.17770412441273223,Non-binding,False,1.8000034460026594e-11,,[]
Real Asset cap,≤,0.25,0.04316974722990483,0.028995365330146856,Non-binding,False,1.5241790399990058e-11,,[]
Cash minimum (SGOV),≥,0.03,0.06752076594052074,0.067520627521129,Non-binding,False,8.120543997943337e-11,,[]
Equity minimum (Neutral),≥,0.1,0.10000000012076737,0.1036236762991614,Binding,True,0.021675943086329766,,[]
Defensive minimum (Normal),≥,0.15,0.15000000006711317,0.1661446681921462,Binding,True,0.03588848508047561,,[]
