ticker,asset_class,ret_1m,ret_3m,ret_6m,ret_12m,ret_24m,cagr_5y,mom_z,ra_z,inc_z,mac_z,mac_raw,mac_weight,risk_z,total,rank,ttm_yield,income_12m_avg,dist_growth,dist_stab,vol_3m,vol_6m,vol_12m,ddev_12m,mdd_12m,cvar95_12m,sharpe_12m,sortino_12m,calmar_12m,cond_sharpe,cond_obs,sample_flag,hz_ret12,hz_sharpe,hz_yield,hz_vol,history_months,proxy
JEPQ,Covered Call,0.0753644984891697,0.02987331725397424,0.13304116858176496,0.1935014106159314,0.39773884510718593,,0.9975503468366974,0.6153866815624669,1.7392231387519606,0.0,0.0,0.375,0.3747107767783883,0.7443623475931842,2.0,0.11057535087046552,0.10491620775685688,0.1124814997533301,0.7035063833641176,0.15036359901886737,0.15440633895560885,0.1486017021787675,0.10116583831580885,-0.08815135686689357,-0.02029936616560225,1.0270640268978737,1.5086546472387476,2.195104165079545,,9.0,Insufficient Sample (Macro=Neutral),0.005211024394694641,0.08762048723310902,0.9484082037091276,-0.16187254541179213,52.9,
GPIX,Covered Call,0.02418268861953554,0.027969443153169626,0.1149230590789907,0.16584551383330348,0.3505081440408915,,0.79644968217675,0.6225473323086274,1.275980858278809,0.0,0.0,0.08333333333333333,-0.07182276992413854,0.6917001606720813,3.0,0.08150930166752483,0.0805827605543318,0.0954097572698871,0.9740310087816689,0.09162552906811106,0.11131004289990357,0.11273886212758112,0.07607465158690573,-0.07707074796920377,-0.01592752107622315,1.1026315199389745,1.6340875406139448,2.1518607020600435,,2.0,Insufficient Sample (Macro=Neutral),-0.35999540039816413,-0.044707482733210874,0.25732111940834484,-0.5735639428440594,35.1,
JEPI,Covered Call,-0.0036125861800058168,0.020136735452775945,-0.01035568483036553,0.07173980208966069,0.11744818663210799,0.07865605298662715,0.17679124477868474,0.12446380693216676,0.792247120663093,0.0,0.0,0.4166666666666667,-0.41003300539188753,0.375883794441458,7.0,0.0811294010236678,0.08168270436332788,-0.041213389121339095,0.7039078557299627,0.06694480262231654,0.07557742002375951,0.08115132292624563,0.05497106762823711,-0.0668413721093607,-0.011226911912135198,0.4483792298091791,0.6619281263251425,1.073284401946231,,10.0,Insufficient Sample (Macro=Neutral),-0.5534917817230071,-0.32333721797918774,0.45430687945983333,-0.7052757034540601,76.3,
SCHD,Dividend,-0.010695353039245736,0.044214155919423126,0.0594289543554829,0.2455051384103515,0.25295654461414174,0.09673961546354493,0.8980435985275531,1.5251647728832611,0.04439926136151682,0.5750779407264756,1.0616823521104164,0.5416666666666666,-0.25828747577904576,0.8252432623194631,1.0,0.03211567881292655,0.03405227862588192,0.02030947775628622,0.9576242180618035,0.11600243159042734,0.1112895822504795,0.11199211250523868,0.06668804995081981,-0.05958448617938883,-0.012647218263430413,1.7043135748367972,2.862376698738262,4.120286238119402,1.294971818696753,13.0,Partial weight,0.9380433297395787,1.0703751399106356,-1.264753808025276,-0.6337586461873737,179.3,
VYMI,Dividend,-0.010466597700137359,0.0435445747376475,0.03436483939033397,0.2478862087863265,0.5042240482601323,0.14039840436127915,0.2747463989489428,0.8281357181362224,0.34225096373593256,0.0,0.0,0.4166666666666667,0.2815159282733752,0.29090428813693064,9.0,0.03659520051959117,0.0357731203304679,0.11373840167614446,0.7448099961583952,0.11014133279502612,0.13339400158000175,0.13411522808517362,0.0885509437729816,-0.10138083513911245,-0.01865913809985867,1.4579193045108283,2.2082038788491145,2.445099297576142,,10.0,Insufficient Sample (Macro=Neutral),-0.019226157065048155,0.20923987037434869,-0.7255235596199009,-0.3044014919701008,126.9,
VIG,Dividend,-0.012944369232369413,-0.0023070709042982696,0.04526448244493353,0.1073916507668422,0.22789924539459805,0.10910825481839947,0.11009848717829249,0.19936442232839957,-0.11943769114238466,0.3329510817056019,0.6146789200718804,0.5416666666666666,-0.25208824749640624,0.19376613689157887,11.0,0.015504997212991674,0.015522426104172135,0.02704225352112677,0.9226387560441932,0.08458831163154452,0.09521644148707341,0.10159340229905478,0.0679959554158131,-0.0790956979854075,-0.013405864496621586,0.7012209865664014,1.0477361452567648,1.3577432591422998,0.5025868692195408,13.0,Partial weight,-0.9144948080349399,-0.48204385483915635,-0.8874549662397623,-0.815593505297197,212.8,
VOO,Equity,0.02565531861461423,0.02541644633941953,0.12282373789090184,0.16031216134976867,0.363651605063368,0.1382306595799614,0.7213360719310193,0.4031544333326938,-0.17472278891283452,0.3051753247623371,0.5634005995612378,0.5416666666666666,0.12200922876132216,0.2832334530879734,10.0,0.010574267243195714,0.010945956698433729,0.05571347356452527,0.9562496031273819,0.1099886036466441,0.1299604843865776,0.12955904995806597,0.0880828742708436,-0.0890046108051249,-0.017965623929077357,0.9381292472448313,1.3799059675457446,1.8011669271917976,0.4116878592906888,13.0,Partial weight,-0.669688821263402,-0.28651633265511395,-1.2765896525419558,-0.536370200252868,192.6,SPY proxy before 2010-09-09
QQQM,Equity,0.07363695763459344,0.003896743212033593,0.21938707553201886,0.23546464064665718,0.5288343857866742,0.1634301501562445,1.1630162668963877,0.5224691196682805,-0.28864046896194295,0.10478128607549057,0.19344237429321337,0.5416666666666666,0.9906412162380203,0.12774624686004887,12.0,0.004331369707272098,0.004702277080027502,0.05617977528089879,0.949687096178581,0.19638961293633472,0.21809728543386458,0.19854745578831098,0.13459109840006686,-0.11960726295056967,-0.02533565843781573,0.9878205786881571,1.4572381950249944,1.9686483482526318,-0.24412216055813057,13.0,Partial weight,-0.17431892699770868,-0.04664925552659748,-1.3739266985153908,0.16548690090708867,71.5,QQQ proxy before 2020-10-13
VEA,Equity,0.010422518340615028,0.0014883252610606856,0.02297411552429307,0.21944893020362022,0.4288841914771482,0.10457305672469785,0.1645902906211071,0.5178816049130743,-0.862080244368758,0.15511110261121172,0.2863589586668524,0.5416666666666666,1.0647460941635756,-0.2723108350967351,17.0,0.023939308691968295,0.027394582157117597,0.012477718360071277,0.0027939874548821297,0.1553038837911366,0.1941898697297645,0.17688385212183963,0.11954940724990427,-0.11626290656883043,-0.024793461599931555,1.0113787258332607,1.4964719636313164,1.8875231720935963,-0.07941268018851715,13.0,Partial weight,-0.007838298154595576,-0.03612860217545627,-2.028450420803402,0.837119413630429,212.8,
IEMG,Equity,0.055147516372084704,-0.011467853576034748,0.07540154154280532,0.27399126845708155,0.5128096746655109,0.08926424337483985,0.41598270663204984,0.48134936983709303,-1.1007744698872244,-0.10083920386251644,-0.1861646840538765,0.5416666666666666,2.117205637365232,-0.6053718086614575,23.0,0.02194407147873487,0.024451782895100246,-0.040576615056059806,-0.2346619922434623,0.24025295179420955,0.28450929638943345,0.2468429703479601,0.17309325430386346,-0.13779067993164062,-0.03797505289466293,0.9638459969429489,1.374538637346609,1.9884600946378335,-0.9170362775209295,13.0,Partial weight,0.14685387238059527,-0.14250667814278603,-1.633479629134377,1.7987405426058416,167.1,
SGOV,Cash,0.005825578826908595,0.00919263160913486,0.021231347089431862,0.037414380660738544,0.0834020636669206,0.03777720260464679,-0.06910597184484495,0.4851106820238358,-0.6024702143873645,1.4016458576638444,2.587653891071713,0.5416666666666666,-1.5307374926372668,0.6864794615231844,4.0,0.03686928872415958,0.039659061018547374,-0.15231788079470188,0.6681069469508185,0.0016731628571017474,0.0017429267543659854,0.001770173190465508,0.00010000277767352804,-9.960515074025622e-05,-8.300429228354686e-06,0.16440668755406265,2.9132878023941022,375.62696690561023,4.42908606001389,13.0,Partial weight,-1.4844882658182827,-2.8613543647184136,-1.5700564863687885,-1.4934376565522134,75.9,BIL proxy before 2020-06-01
VGSH,Treasury / Bond,-0.0032970641306517834,-0.0019571919329297582,-0.0032962082474894405,0.01533751557844698,0.0550540126639969,0.018289185209227732,-0.9633909395985376,-1.1468864215628076,-0.4237913301717067,0.03243063728415109,0.05987194575535586,0.5416666666666666,-1.0730780238322537,-0.35714000755416186,18.0,0.03799513460426725,0.03929773877708514,-0.09440993788819885,0.7011728381855789,0.013889921588115767,0.013905369994567828,0.012922047873784617,0.009134693363507881,-0.009332703330665937,-0.0019434948950690645,-1.6486597309005357,-2.3330555361554075,1.6434161716091504,-0.4808970702852117,13.0,Partial weight,-2.6850439084263895,-3.0,-1.6419586798466548,-0.3904710993980562,202.2,
VGIT,Treasury / Bond,-0.02155672879146997,-0.02891264629375012,-0.04490860149103748,-0.01842611538427008,0.013065892650040878,-0.004241590569813436,-1.2762305529057207,-1.4951013189548534,0.6780750214669473,-0.7168281439570341,-1.3233750349976015,0.5416666666666666,-0.7844889782636434,-0.5063990040217544,21.0,0.04033509645902581,0.038321015395170986,0.01509098979138912,0.7211818232759055,0.03628218566721025,0.03611024829933069,0.03430567271008791,0.02548723076765966,-0.04490860149103748,-0.005013797506812319,-1.5999948703105455,-2.1539405948801273,-0.41030258731052727,-2.932923185520826,13.0,Partial weight,-2.769566618179627,-3.0,1.9219504364778304,-0.568035679545615,202.2,
VGLT,Treasury / Bond,-0.037670242748578886,-0.07621809889247133,-0.10531065979935106,-0.07278867650242515,-0.10514203731050453,-0.07207267660907579,-1.063425898926472,-1.434886700793289,0.9444968816723658,-1.0428918300408043,-1.9253387631522543,0.5416666666666666,-0.23286472102392589,-0.5909607067660685,22.0,0.050188605392241695,0.04552514115041683,0.020177562550444117,0.7174019330076367,0.09180650991422847,0.0871797468438885,0.08624993499358864,0.06443367487618745,-0.10531065979935106,-0.012598164916933533,-1.2659714667674338,-1.6947264620867872,-0.6911805190577078,-4.432099631015303,13.0,Partial weight,-1.8109263867159342,-2.9099409819359785,2.4503574503926266,-1.0355605996259827,200.8,
SCHP,Treasury / Bond,-0.025084448462648568,-0.03209616436562246,-0.03658584344457749,-0.02055586975986312,0.016423067050341578,-0.00038636056433749566,-1.395995988906801,-1.528933960147322,1.8418448412724648,-0.4691983843073411,-0.8662124017981683,0.5416666666666666,-0.7962376619992196,-0.1890114575224449,16.0,0.0509741558427474,0.04085633642125259,0.5082352941176471,0.2908891410701151,0.0373356311801203,0.03665363190379247,0.0341851178143585,0.025916072566913924,-0.0377885920620189,-0.005144767063693545,-1.6694990558296903,-2.202928230135832,-0.5439702470556904,-2.122529430021936,13.0,Partial weight,-3.0,-3.0,2.7529329847284094,-0.5021481856168899,193.8,
VCIT,Treasury / Bond,-0.02741077003848369,-0.03991101703073685,-0.04843806420786212,-0.022533346452354608,0.02799936431268213,0.0036174327283271523,-1.473052791827933,-1.4373079582952275,1.0089081091746137,-0.41947591388122696,-0.7744170717807267,0.5416666666666666,-0.5691687968294304,-0.4379399395000859,20.0,0.050733697341530416,0.04725090146388792,0.0526873179772307,0.7178395705039531,0.04822367362818987,0.04686926529329081,0.043417319293376784,0.03292861457283906,-0.04843806420786212,-0.006570951246310806,-1.3533891240643783,-1.7848011299944906,-0.4651991532043338,-1.9598075520121854,13.0,Partial weight,-3.0,-3.0,2.3011874303243025,-0.1564193943647838,202.2,
USHY,Treasury / Bond,-0.01584426278703066,-0.01675327829730544,-0.004072683966264923,0.014133299080226314,0.08962390568709888,0.0361081139222299,-1.067228655071354,-1.0733734407467714,1.0845152259135855,0.2295834687873662,0.42384640391513767,0.5416666666666666,-0.8333703219064463,0.0017167301973181892,14.0,0.07110117626588676,0.06857302699810745,0.0015748031496063408,0.7194288234346595,0.03333927436873459,0.03806732007153943,0.03784029198007618,0.02671398096687094,-0.026308984427918958,-0.005561504000156675,-0.5780044053327376,-0.8189723206316755,0.5372042816380297,0.16430576702783795,13.0,Partial weight,-2.6415931616306065,-3.0,1.9178769872775532,-0.48419019140506653,107.1,HYG proxy before 2017-10-26
JAAA,CLO AAA,0.007698520952845733,0.011872044984216235,0.03027844011372771,0.04802519338888889,0.10663753051998603,0.04893060977844099,0.28358813091303225,1.2728852786404108,-0.6346544488063177,0.0,0.0,0.4166666666666667,-1.3295300331557027,0.562837248475707,5.0,0.048796369082646604,0.05432554107164873,-0.13501224204267226,0.6757701460677625,0.004476763983335688,0.004991964563140981,0.0076366591651951445,0.004587811510083855,-0.0038904998219088105,-0.0010993379749583236,1.3844872966040465,2.3057021690388657,12.344221973341746,,10.0,Insufficient Sample (Macro=Neutral),-1.1111478283589036,0.055451126283769345,-2.7741643450529296,-0.9979689102258077,71.3,
JBBB,CLO BBB,0.010167258809540725,0.013736867686947596,0.04775760670331897,0.05121247499936321,0.11653466720875749,,0.7959353780791075,0.28090767355125473,-0.64888002260843,0.0,0.0,0.4166666666666667,-0.906282037013132,0.33356126650876605,8.0,0.06337050446784288,0.0740517495683128,-0.18988703604088242,0.630939095980678,0.018976496046430764,0.029987917510713776,0.03369864198573634,0.020986359733329754,-0.024640032431110237,-0.004833163366713374,0.42063530572086405,0.6754616458447465,2.078425632861704,,10.0,Insufficient Sample (Macro=Neutral),-0.5822189149777496,-0.4290881089993541,-3.0,-0.5405230371828267,56.5,
PFF,Preferred,-0.022250063511844664,-0.0183194502800742,-0.03313022184573866,-0.01588577467258645,-0.0009342507174285863,0.004184299257006252,-0.28973974504551775,-0.79723747146253,-0.43076027824421986,-0.21785635694386532,-0.40219635128098213,0.5416666666666666,-0.2599869389076226,-0.36890172819712763,19.0,0.055676041587826665,0.05926742104462381,-0.19381746810598643,0.6238377851534973,0.08196967684912264,0.08183922104368331,0.07684656123529263,0.05609668210842721,-0.05278808918802014,-0.010253076459396318,-0.6497507392128041,-0.8901824109651901,-0.3009348305070229,-1.299986898147195,13.0,Partial weight,-1.4210056295460036,-1.5578520107817575,-1.3819409505389282,0.06909779143095654,212.8,
DBMF,Alternative,0.04883571232716588,0.0594576824088251,0.03983549195910929,0.24801266725524496,0.2744302857402843,0.09993541458815614,1.0549572219988033,1.3507949126887053,-0.7594259138762323,0.0,0.0,0.4166666666666667,-0.0015803099598384212,0.41197663269277873,6.0,0.04440332983192041,0.051350499301197505,0.08108108108108114,-0.5073499625053965,0.10079195649293655,0.10057008419393497,0.13194443596450495,0.0908109402026399,-0.06101050815660025,-0.020256583673247407,1.4807377499053629,2.1514172857498055,4.0650811597676295,,10.0,Insufficient Sample (Macro=Neutral),1.0913123955941355,0.9627761715299958,-2.2922013899953093,-0.2975424424665439,88.7,
PDBC,Real Asset,0.08712988229942398,0.20214105887995992,0.2794906203063341,0.4766283744228428,0.5435098352186418,0.12348941139592662,2.2885694330184716,1.4533412927603142,-1.7713487885142742,0.0,0.0,0.4166666666666667,1.6475958181209711,0.08074152978588511,13.0,0.026663174223757073,0.03270704564415819,-0.11478260869565204,-1.0,0.21427089548016556,0.21736784128245973,0.20736593440037196,0.13799687671280408,-0.16552089580631424,-0.029079250172889332,1.8222782964816986,2.7383779524196563,2.8795661846862752,,10.0,Insufficient Sample (Macro=Neutral),1.952960001497669,1.6581952983222175,-1.8846749081187957,1.3230054557551758,142.7,
SCHH,Real Asset,-0.07663532138576323,-0.05323920866389331,-0.01434802225898646,0.06362759729413114,0.0205115203978814,0.024572004468158992,-0.02589406262341699,-0.004313650902494538,0.279656322280185,-0.2144215353778122,-0.395855142235961,0.5416666666666666,0.2901371176264318,-0.06377751106249263,15.0,0.030471910112359547,0.029075792830417793,0.03353658536585358,0.7419145961264426,0.12348743731429986,0.14386387176009974,0.13701105551553652,0.09621683889957326,-0.09817803546212567,-0.019494219047811855,0.254026419508908,0.36174905369262444,0.6480838305088809,-1.2887460927112082,13.0,Partial weight,-0.3900413619032117,-0.3057354888558731,0.42474455626411384,-0.4261171199554109,188.5,
IGF,Real Asset,-0.07409066201358472,-0.0711711407262473,-0.09571017093157275,0.04303440530797742,0.21025351529072922,0.09345044011773362,-1.486587019329825,-0.9103616756288102,-0.1633564254099862,0.06793093752514251,0.1254109615848785,0.5416666666666666,0.05689774769034284,-0.6373179826334554,24.0,0.031199482395042794,0.029784560525880938,0.053493449781659486,-0.15589154510011616,0.09040628618032616,0.11222663382021365,0.10843659740677537,0.07505261483728182,-0.09571017093157275,-0.01463440196306944,0.10687254127003101,0.15442259800220784,0.44963251960697614,-0.3647187011169288,13.0,Partial weight,-3.0,-3.0,0.7099299911554695,-0.3598040133015518,212.8,
GLDM,Real Asset,0.031195408273523517,0.04054395989601267,-0.20645285314008854,0.08096798807718697,0.5852675560406677,0.1880185410676929,-1.0310036324564749,-0.854554503072701,-2.0512546592797976,-0.02317626877102023,-0.042786957731114274,0.5416666666666666,2.3640972491023002,-1.5810215781705734,25.0,0.0,0.0,,,0.24821036118638903,0.2489378609186881,0.2947316373065167,0.22073992411397003,-0.2627142109607328,-0.04622125615741382,0.29000848640575955,0.38722137526171924,0.30819797597203086,-0.6628763666891371,13.0,Partial weight,-2.345551689031454,-2.872956096413811,,0.426154362005882,99.1,IAU proxy before 2018-06-26
