variant,max_etf_delta_raw,etf_raw,max_etf_delta_final,etf_final,max_class_delta,class_name,income,cc,pure_eq
κ 0.5,0.033063407683666904,SCHD,0.040777518368002225,SCHD,0.040777518368002225,Dividend,0.05485191437219947,0.3043013950866577,0.1036236762991614
κ 0.75,0.01636446076588262,SCHD,0.015980414579605497,PDBC,0.0159804145796055,Real Asset,0.05362191583100839,0.28689956393819627,0.1036236762991614
λ 1.0,0.00505791392039957,VIG,0.0,JEPQ,0.0,Covered Call,0.053709049114840535,0.28689956393819627,0.1036236762991614
λ 2.0,0.005829157219549769,SCHD,0.0014126771449520167,PDBC,0.0014126771449520167,Real Asset,0.053657193508352505,0.28689956393819627,0.1036236762991614
Income 6.5%,0.0011464186112350415,USHY,0.0,JEPQ,0.0,Covered Call,0.053709049114840535,0.28689956393819627,0.1036236762991614
Cov/CVaR 36M,0.03485045104016097,PDBC,0.04530977021884959,PDBC,0.045309770218849584,Real Asset,0.052569308948066204,0.28017149340835995,0.1036236762991614
CC cap 40%,0.022240539796372964,JEPI,0.020518320847530677,USHY,0.020518320847530913,Covered Call,0.053915531801436434,0.3074178847857272,0.1036236762991614
Credit cap 30%,1.7574616982540814e-07,VYMI,0.0,JEPQ,0.0,Covered Call,0.053709049114840535,0.28689956393819627,0.1036236762991614
Band 1.0%,0.0,JEPQ,0.015359736111519019,PDBC,0.04615398901049897,Treasury / Bond,0.054112105788448314,0.29958556672309694,0.1036236762991614
