ticker,asset_class,target
JEPQ,Covered Call,0.13338688707487806
GPIX,Covered Call,0.1043817858748886
JEPI,Covered Call,0.04524157592614269
SCHD,Dividend,0.1122293076474173
VYMI,Dividend,0.0551199310733388
VIG,Dividend,0.01760340215056643
VOO,Equity,0.05910306715186629
QQQM,Equity,0.03886694221651499
VEA,Equity,0.00443414515523021
IEMG,Equity,0.0
SGOV,Cash,0.0672007751840084
VGSH,Treasury / Bond,0.04854707297806702
VGIT,Treasury / Bond,0.03969043075546725
VGLT,Treasury / Bond,0.011921569827948179
SCHP,Treasury / Bond,0.014375977236445238
VCIT,Treasury / Bond,2.9857704233872396e-09
USHY,Treasury / Bond,0.0380508427402003
JAAA,CLO AAA,0.04444190914009681
JBBB,CLO BBB,0.039682092052691464
PFF,Preferred,1.0276125905256915e-10
DBMF,Alternative,0.09744599982485981
PDBC,Real Asset,0.028276281995658056
SCHH,Real Asset,2.3240321137541182e-11
IGF,Real Asset,1.1646281245159116e-10
GLDM,Real Asset,7.654793088067445e-10
